SlNo,First Name,Last Name,Address,City,State,Zip,Contact number,Email address
1,Abhiram,GP,IIITH OBH PalashNivas,Hyderabad,Telangana,500032,7234673647,arm.gp23@gmail.com
2,Vyshak,P,IIITH OBH PalashNivas,Hyderabad,Telangana,500032,6454789923,vyshak.p@gmail.com
3,Deepak,Shekawat,IIITH OBH PalashNivas,Hyderabad,Telangana,500032,7772345643,deepak.ss@gmail.com
4,Shane,Nigam,Nedumangadu,Trivandrum,Kerala,695501,2365487321,shane@nigam.com
5,Tony,Stank,California,Marvel,Earth816,235983,9992223645,tony@stank.com
6,Dorothy,Madama,Ghost House Inn,Munnar,Kerala,335544,000000000,dorothy@ghostfraternity.boo
